{
  "version": "36.0.0",
  "files": {
    "61ecb9e2a2d89b8c349148e19055d1b388a67ea0fb8333ff26f9f4f59d6bfc90": {
      "source": {
        "path": "asset.61ecb9e2a2d89b8c349148e19055d1b388a67ea0fb8333ff26f9f4f59d6bfc90.zip",
        "packaging": "file"
      },
      "destinations": {
        "current_account-current_region": {
          "bucketName": "cdk-hnb659fds-assets-${AWS::AccountId}-${AWS::Region}",
          "objectKey": "61ecb9e2a2d89b8c349148e19055d1b388a67ea0fb8333ff26f9f4f59d6bfc90.zip",
          "assumeRoleArn": "arn:${AWS::Partition}:iam::${AWS::AccountId}:role/cdk-hnb659fds-file-publishing-role-${AWS::AccountId}-${AWS::Region}"
        }
      }
    },
    "43a0cc2c214cbd2204acfba25c22d77af74986aa896b6bd141d74d42e10880a4": {
      "source": {
        "path": "AmazonBedrock.template.json",
        "packaging": "file"
      },
      "destinations": {
        "current_account-current_region": {
          "bucketName": "cdk-hnb659fds-assets-${AWS::AccountId}-${AWS::Region}",
          "objectKey": "43a0cc2c214cbd2204acfba25c22d77af74986aa896b6bd141d74d42e10880a4.json",
          "assumeRoleArn": "arn:${AWS::Partition}:iam::${AWS::AccountId}:role/cdk-hnb659fds-file-publishing-role-${AWS::AccountId}-${AWS::Region}"
        }
      }
    }
  },
  "dockerImages": {}
}