{
  "version": "36.0.0",
  "files": {
    "61ecb9e2a2d89b8c349148e19055d1b388a67ea0fb8333ff26f9f4f59d6bfc90": {
      "source": {
        "path": "asset.61ecb9e2a2d89b8c349148e19055d1b388a67ea0fb8333ff26f9f4f59d6bfc90.zip",
        "packaging": "file"
      },
      "destinations": {
        "current_account-current_region": {
          "bucketName": "cdk-hnb659fds-assets-${AWS::AccountId}-${AWS::Region}",
          "objectKey": "61ecb9e2a2d89b8c349148e19055d1b388a67ea0fb8333ff26f9f4f59d6bfc90.zip",
          "assumeRoleArn": "arn:${AWS::Partition}:iam::${AWS::AccountId}:role/cdk-hnb659fds-file-publishing-role-${AWS::AccountId}-${AWS::Region}"
        }
      }
    },
    "368f2964fd622413cde61ffafc38d97b491b77893a5076d2092b64536b54e652": {
      "source": {
        "path": "AmazonBedrockStack.template.json",
        "packaging": "file"
      },
      "destinations": {
        "current_account-current_region": {
          "bucketName": "cdk-hnb659fds-assets-${AWS::AccountId}-${AWS::Region}",
          "objectKey": "368f2964fd622413cde61ffafc38d97b491b77893a5076d2092b64536b54e652.json",
          "assumeRoleArn": "arn:${AWS::Partition}:iam::${AWS::AccountId}:role/cdk-hnb659fds-file-publishing-role-${AWS::AccountId}-${AWS::Region}"
        }
      }
    }
  },
  "dockerImages": {}
}